"0","aj_step1.s"
"1","
Call:
"
"1",""
"1","lm(formula = Price ~ Type + Horsepower + RPM + Wheelbase + Width + 
    Origin, data = cars)"
"1",""
"1","

"
"1",""
"1","Residuals:
"
"1","     Min "
"1","      1Q "
"1","  Median "
"1","      3Q "
"1","     Max "
"1","
"
"1","-11.2403 "
"1"," -2.6302 "
"1"," -0.1117 "
"1","  2.0195 "
"1"," 22.6970 "
"1","
"
"1","
Coefficients:
"
"1","           "
"1","  Estimate"
"1"," Std. Error"
"1"," t value"
"1","
(Intercept)"
"1"," 46.649677"
"1","  27.321819"
"1","   1.707"
"1","
TypeLarge  "
"1","  1.299684"
"1","   2.914914"
"1","   0.446"
"1","
TypeMidsize"
"1","  3.961813"
"1","   1.914233"
"1","   2.070"
"1","
TypeSmall  "
"1","  0.334407"
"1","   2.088371"
"1","   0.160"
"1","
TypeSporty "
"1","  3.015877"
"1","   2.299341"
"1","   1.312"
"1","
TypeVan    "
"1"," -1.849234"
"1","   2.874896"
"1","  -0.643"
"1","
Horsepower "
"1","  0.160788"
"1","   0.017971"
"1","   8.947"
"1","
RPM        "
"1"," -0.003695"
"1","   0.001373"
"1","  -2.691"
"1","
Wheelbase  "
"1","  0.663732"
"1","   0.212168"
"1","   3.128"
"1","
Width      "
"1"," -1.434571"
"1","   0.388931"
"1","  -3.688"
"1","
OriginUSA  "
"1"," -3.217185"
"1","   1.296097"
"1","  -2.482"
"1","
"
"1","           "
"1"," Pr(>|t|)"
"1","    "
"1","
(Intercept)"
"1"," 0.091529"
"1"," .  "
"1","
TypeLarge  "
"1"," 0.656864"
"1","    "
"1","
TypeMidsize"
"1"," 0.041632"
"1"," *  "
"1","
TypeSmall  "
"1"," 0.873174"
"1","    "
"1","
TypeSporty "
"1"," 0.193307"
"1","    "
"1","
TypeVan    "
"1"," 0.521866"
"1","    "
"1","
Horsepower "
"1"," 9.17e-14"
"1"," ***"
"1","
RPM        "
"1"," 0.008630"
"1"," ** "
"1","
Wheelbase  "
"1"," 0.002434"
"1"," ** "
"1","
Width      "
"1"," 0.000404"
"1"," ***"
"1","
OriginUSA  "
"1"," 0.015098"
"1"," *  "
"1","
"
"1","---
Signif. codes:  "
"1",""
"1","
"
"1","0 ‘***’ 0.001 ‘**’ 0.01 ‘*’ 0.05 ‘.’ 0.1 ‘ ’ 1"
"1","
"
"1","
Residual standard error:"
"1"," "
"1","4.984"
"1"," "
"1","on"
"1"," "
"1","82"
"1"," "
"1","degrees of freedom"
"1","
"
"1","Multiple R-squared: "
"1"," "
"1","0.7627"
"1",",	Adjusted R-squared: "
"1"," "
"1","0.7338"
"1"," "
"1","
F-statistic:"
"1"," "
"1","26.36"
"1"," "
"1","on"
"1"," "
"1","10"
"1"," "
"1","and"
"1"," "
"1","82"
"1"," "
"1","DF,  p-value:"
"1"," "
"1","< 2.2e-16"
"1","
"
"1","
"
"0","# Vamos a juntar los grupos ""Sporty"" y ""Van"""
"0",""
"0","cars_prueba<-cars"
"0","cars_prueba$Type<-factor(cars_prueba$Type, levels=c(""Compact"", ""Large"", ""Midsize"", ""Small"", ""Sporty"", ""Van""), labels=c(""Compact"", ""Large"", ""Midsize"", ""Small"", ""Van"", ""Van""))"
"0",""
"0","model2 <- lm(Price ~ . , data=cars_prueba)"
"0","aj_step2 <- step(model2)"
"1","Start:  AIC="
"1",""
"1","323.98"
"1",""
"1","
"
"1",""
"1","Price ~ Type + MPG.city + MPG.highway + EngineSize + Horsepower + "
"1",""
"1","
    RPM + Rev.per.mile + Fuel.tank.capacity + Passengers + Length + "
"1",""
"1","
    Wheelbase + Width + Weight + Origin"
"1",""
"1","

"
"1","                    "
"1"," Df"
"1"," Sum of Sq"
"1","    RSS"
"1","
- Passengers        "
"1","  5"
"1","     98.97"
"1"," 1986.6"
"1","
- MPG.city          "
"1","  1"
"1","      0.00"
"1"," 1887.7"
"1","
- Fuel.tank.capacity"
"1","  1"
"1","      0.84"
"1"," 1888.5"
"1","
- Weight            "
"1","  1"
"1","      1.38"
"1"," 1889.0"
"1","
- Length            "
"1","  1"
"1","      2.43"
"1"," 1890.1"
"1","
- MPG.highway       "
"1","  1"
"1","      6.14"
"1"," 1893.8"
"1","
- EngineSize        "
"1","  1"
"1","     26.75"
"1"," 1914.4"
"1","
- Rev.per.mile      "
"1","  1"
"1","     32.07"
"1"," 1919.7"
"1","
- Type              "
"1","  4"
"1","    160.30"
"1"," 2048.0"
"1","
- RPM               "
"1","  1"
"1","     40.86"
"1"," 1928.5"
"1","
<none>              "
"1","   "
"1","          "
"1"," 1887.7"
"1","
- Origin            "
"1","  1"
"1","    145.15"
"1"," 2032.8"
"1","
- Wheelbase         "
"1","  1"
"1","    212.46"
"1"," 2100.1"
"1","
- Width             "
"1","  1"
"1","    226.74"
"1"," 2114.4"
"1","
- Horsepower        "
"1","  1"
"1","    319.77"
"1"," 2207.4"
"1","
"
"1","                    "
"1","    AIC"
"1","
- Passengers        "
"1"," 318.73"
"1","
- MPG.city          "
"1"," 321.98"
"1","
- Fuel.tank.capacity"
"1"," 322.02"
"1","
- Weight            "
"1"," 322.04"
"1","
- Length            "
"1"," 322.10"
"1","
- MPG.highway       "
"1"," 322.28"
"1","
- EngineSize        "
"1"," 323.28"
"1","
- Rev.per.mile      "
"1"," 323.54"
"1","
- Type              "
"1"," 323.56"
"1","
- RPM               "
"1"," 323.97"
"1","
<none>              "
"1"," 323.98"
"1","
- Origin            "
"1"," 328.87"
"1","
- Wheelbase         "
"1"," 331.89"
"1","
- Width             "
"1"," 332.52"
"1","
- Horsepower        "
"1"," 336.53"
"1","
"
"1","
Step:  AIC="
"1",""
"1","318.73"
"1",""
"1","
"
"1",""
"1","Price ~ Type + MPG.city + MPG.highway + EngineSize + Horsepower + "
"1",""
"1","
    RPM + Rev.per.mile + Fuel.tank.capacity + Length + Wheelbase + "
"1",""
"1","
    Width + Weight + Origin"
"1",""
"1","

"
"1","                    "
"1"," Df"
"1"," Sum of Sq"
"1","    RSS"
"1","
- Fuel.tank.capacity"
"1","  1"
"1","      0.62"
"1"," 1987.2"
"1","
- MPG.city          "
"1","  1"
"1","      1.77"
"1"," 1988.4"
"1","
- MPG.highway       "
"1","  1"
"1","      4.04"
"1"," 1990.7"
"1","
- EngineSize        "
"1","  1"
"1","     18.03"
"1"," 2004.7"
"1","
- Length            "
"1","  1"
"1","     23.52"
"1"," 2010.1"
"1","
- Weight            "
"1","  1"
"1","     28.17"
"1"," 2014.8"
"1","
- Rev.per.mile      "
"1","  1"
"1","     30.52"
"1"," 2017.1"
"1","
- Type              "
"1","  4"
"1","    169.42"
"1"," 2156.0"
"1","
<none>              "
"1","   "
"1","          "
"1"," 1986.6"
"1","
- RPM               "
"1","  1"
"1","     71.48"
"1"," 2058.1"
"1","
- Origin            "
"1","  1"
"1","    145.39"
"1"," 2132.0"
"1","
- Wheelbase         "
"1","  1"
"1","    153.92"
"1"," 2140.6"
"1","
- Width             "
"1","  1"
"1","    223.49"
"1"," 2210.1"
"1","
- Horsepower        "
"1","  1"
"1","    685.58"
"1"," 2672.2"
"1","
"
"1","                    "
"1","    AIC"
"1","
- Fuel.tank.capacity"
"1"," 316.76"
"1","
- MPG.city          "
"1"," 316.81"
"1","
- MPG.highway       "
"1"," 316.92"
"1","
- EngineSize        "
"1"," 317.57"
"1","
- Length            "
"1"," 317.82"
"1","
- Weight            "
"1"," 318.04"
"1","
- Rev.per.mile      "
"1"," 318.15"
"1","
- Type              "
"1"," 318.34"
"1","
<none>              "
"1"," 318.73"
"1","
- RPM               "
"1"," 320.02"
"1","
- Origin            "
"1"," 323.30"
"1","
- Wheelbase         "
"1"," 323.67"
"1","
- Width             "
"1"," 326.64"
"1","
- Horsepower        "
"1"," 344.30"
"1","
"
"1","
Step:  AIC="
"1",""
"1","316.76"
"1",""
"1","
"
"1",""
"1","Price ~ Type + MPG.city + MPG.highway + EngineSize + Horsepower + "
"1",""
"1","
    RPM + Rev.per.mile + Length + Wheelbase + Width + Weight + "
"1",""
"1","
    Origin"
"1",""
"1","

"
"1","              "
"1"," Df"
"1"," Sum of Sq"
"1","    RSS"
"1","    AIC"
"1","
- MPG.city    "
"1","  1"
"1","      1.50"
"1"," 1988.7"
"1"," 314.83"
"1","
- MPG.highway "
"1","  1"
"1","      3.94"
"1"," 1991.2"
"1"," 314.94"
"1","
- EngineSize  "
"1","  1"
"1","     17.41"
"1"," 2004.7"
"1"," 315.57"
"1","
- Length      "
"1","  1"
"1","     25.19"
"1"," 2012.4"
"1"," 315.93"
"1","
- Rev.per.mile"
"1","  1"
"1","     30.24"
"1"," 2017.5"
"1"," 316.16"
"1","
- Weight      "
"1","  1"
"1","     30.62"
"1"," 2017.9"
"1"," 316.18"
"1","
- Type        "
"1","  4"
"1","    169.48"
"1"," 2156.7"
"1"," 316.37"
"1","
<none>        "
"1","   "
"1","          "
"1"," 1987.2"
"1"," 316.76"
"1","
- RPM         "
"1","  1"
"1","     73.18"
"1"," 2060.4"
"1"," 318.12"
"1","
- Origin      "
"1","  1"
"1","    149.27"
"1"," 2136.5"
"1"," 321.49"
"1","
- Wheelbase   "
"1","  1"
"1","    153.31"
"1"," 2140.6"
"1"," 321.67"
"1","
- Width       "
"1","  1"
"1","    257.18"
"1"," 2244.4"
"1"," 326.08"
"1","
- Horsepower  "
"1","  1"
"1","    686.63"
"1"," 2673.9"
"1"," 342.36"
"1","
"
"1","
Step:  AIC="
"1",""
"1","314.83"
"1",""
"1","
"
"1",""
"1","Price ~ Type + MPG.highway + EngineSize + Horsepower + RPM + "
"1",""
"1","
    Rev.per.mile + Length + Wheelbase + Width + Weight + Origin"
"1",""
"1","

"
"1","              "
"1"," Df"
"1"," Sum of Sq"
"1","    RSS"
"1","    AIC"
"1","
- EngineSize  "
"1","  1"
"1","     16.45"
"1"," 2005.2"
"1"," 313.59"
"1","
- Rev.per.mile"
"1","  1"
"1","     28.89"
"1"," 2017.6"
"1"," 314.17"
"1","
- Length      "
"1","  1"
"1","     29.98"
"1"," 2018.7"
"1"," 314.22"
"1","
- Weight      "
"1","  1"
"1","     32.85"
"1"," 2021.6"
"1"," 314.35"
"1","
- MPG.highway "
"1","  1"
"1","     34.64"
"1"," 2023.4"
"1"," 314.43"
"1","
- Type        "
"1","  4"
"1","    171.49"
"1"," 2160.2"
"1"," 314.52"
"1","
<none>        "
"1","   "
"1","          "
"1"," 1988.7"
"1"," 314.83"
"1","
- RPM         "
"1","  1"
"1","     76.41"
"1"," 2065.2"
"1"," 316.33"
"1","
- Origin      "
"1","  1"
"1","    149.48"
"1"," 2138.2"
"1"," 319.57"
"1","
- Wheelbase   "
"1","  1"
"1","    152.58"
"1"," 2141.3"
"1"," 319.70"
"1","
- Width       "
"1","  1"
"1","    255.74"
"1"," 2244.5"
"1"," 324.08"
"1","
- Horsepower  "
"1","  1"
"1","    718.35"
"1"," 2707.1"
"1"," 341.51"
"1","
"
"1","
Step:  AIC="
"1",""
"1","313.59"
"1",""
"1","
"
"1",""
"1","Price ~ Type + MPG.highway + Horsepower + RPM + Rev.per.mile + "
"1",""
"1","
    Length + Wheelbase + Width + Weight + Origin"
"1",""
"1","

"
"1","              "
"1"," Df"
"1"," Sum of Sq"
"1","    RSS"
"1","    AIC"
"1","
- Rev.per.mile"
"1","  1"
"1","     20.34"
"1"," 2025.5"
"1"," 312.53"
"1","
- Type        "
"1","  4"
"1","    162.85"
"1"," 2168.0"
"1"," 312.86"
"1","
- Weight      "
"1","  1"
"1","     29.87"
"1"," 2035.1"
"1"," 312.97"
"1","
- MPG.highway "
"1","  1"
"1","     31.65"
"1"," 2036.8"
"1"," 313.05"
"1","
- Length      "
"1","  1"
"1","     33.08"
"1"," 2038.3"
"1"," 313.12"
"1","
<none>        "
"1","   "
"1","          "
"1"," 2005.2"
"1"," 313.59"
"1","
- Origin      "
"1","  1"
"1","    145.07"
"1"," 2150.3"
"1"," 318.09"
"1","
- Wheelbase   "
"1","  1"
"1","    155.51"
"1"," 2160.7"
"1"," 318.54"
"1","
- RPM         "
"1","  1"
"1","    201.00"
"1"," 2206.2"
"1"," 320.48"
"1","
- Width       "
"1","  1"
"1","    245.19"
"1"," 2250.4"
"1"," 322.32"
"1","
- Horsepower  "
"1","  1"
"1","   1396.39"
"1"," 3401.6"
"1"," 360.74"
"1","
"
"1","
Step:  AIC="
"1",""
"1","312.53"
"1",""
"1","
"
"1",""
"1","Price ~ Type + MPG.highway + Horsepower + RPM + Length + Wheelbase + "
"1",""
"1","
    Width + Weight + Origin"
"1",""
"1","

"
"1","             "
"1"," Df"
"1"," Sum of Sq"
"1","    RSS"
"1","    AIC"
"1","
- MPG.highway"
"1","  1"
"1","     28.06"
"1"," 2053.6"
"1"," 311.81"
"1","
- Length     "
"1","  1"
"1","     31.09"
"1"," 2056.6"
"1"," 311.95"
"1","
- Type       "
"1","  4"
"1","    170.25"
"1"," 2195.8"
"1"," 312.04"
"1","
- Weight     "
"1","  1"
"1","     33.38"
"1"," 2058.9"
"1"," 312.05"
"1","
<none>       "
"1","   "
"1","          "
"1"," 2025.5"
"1"," 312.53"
"1","
- Wheelbase  "
"1","  1"
"1","    165.85"
"1"," 2191.4"
"1"," 317.85"
"1","
- Origin     "
"1","  1"
"1","    172.76"
"1"," 2198.3"
"1"," 318.14"
"1","
- RPM        "
"1","  1"
"1","    183.23"
"1"," 2208.8"
"1"," 318.59"
"1","
- Width      "
"1","  1"
"1","    263.51"
"1"," 2289.0"
"1"," 321.91"
"1","
- Horsepower "
"1","  1"
"1","   1388.01"
"1"," 3413.5"
"1"," 359.07"
"1","
"
"1","
Step:  AIC="
"1",""
"1","311.81"
"1",""
"1","
"
"1",""
"1","Price ~ Type + Horsepower + RPM + Length + Wheelbase + Width + "
"1",""
"1","
    Weight + Origin"
"1",""
"1","

"
"1","            "
"1"," Df"
"1"," Sum of Sq"
"1","    RSS"
"1","    AIC"
"1","
- Weight    "
"1","  1"
"1","     12.00"
"1"," 2065.6"
"1"," 310.35"
"1","
- Length    "
"1","  1"
"1","     25.94"
"1"," 2079.5"
"1"," 310.98"
"1","
<none>      "
"1","   "
"1","          "
"1"," 2053.6"
"1"," 311.81"
"1","
- Type      "
"1","  4"
"1","    187.14"
"1"," 2240.7"
"1"," 311.92"
"1","
- Wheelbase "
"1","  1"
"1","    147.75"
"1"," 2201.3"
"1"," 316.27"
"1","
- Origin    "
"1","  1"
"1","    150.93"
"1"," 2204.5"
"1"," 316.41"
"1","
- RPM       "
"1","  1"
"1","    177.19"
"1"," 2230.8"
"1"," 317.51"
"1","
- Width     "
"1","  1"
"1","    303.96"
"1"," 2357.6"
"1"," 322.65"
"1","
- Horsepower"
"1","  1"
"1","   1369.45"
"1"," 3423.1"
"1"," 357.33"
"1","
"
"1","
Step:  AIC="
"1",""
"1","310.35"
"1",""
"1","
"
"1",""
"1","Price ~ Type + Horsepower + RPM + Length + Wheelbase + Width + "
"1",""
"1","
    Origin"
"1",""
"1","

"
"1","            "
"1"," Df"
"1"," Sum of Sq"
"1","    RSS"
"1","    AIC"
"1","
- Length    "
"1","  1"
"1","     19.97"
"1"," 2085.6"
"1"," 309.25"
"1","
- Type      "
"1","  4"
"1","    178.45"
"1"," 2244.0"
"1"," 310.06"
"1","
<none>      "
"1","   "
"1","          "
"1"," 2065.6"
"1"," 310.35"
"1","
- Origin    "
"1","  1"
"1","    139.02"
"1"," 2204.6"
"1"," 314.41"
"1","
- RPM       "
"1","  1"
"1","    169.34"
"1"," 2234.9"
"1"," 315.68"
"1","
- Wheelbase "
"1","  1"
"1","    182.46"
"1"," 2248.1"
"1"," 316.23"
"1","
- Width     "
"1","  1"
"1","    320.39"
"1"," 2386.0"
"1"," 321.76"
"1","
- Horsepower"
"1","  1"
"1","   2113.05"
"1"," 4178.6"
"1"," 373.88"
"1","
"
"1","
Step:  AIC="
"1",""
"1","309.25"
"1",""
"1","
"
"1",""
"1","Price ~ Type + Horsepower + RPM + Wheelbase + Width + Origin"
"1",""
"1","

"
"1","            "
"1"," Df"
"1"," Sum of Sq"
"1","    RSS"
"1","    AIC"
"1","
<none>      "
"1","   "
"1","          "
"1"," 2085.6"
"1"," 309.25"
"1","
- Type      "
"1","  4"
"1","    224.48"
"1"," 2310.0"
"1"," 310.76"
"1","
- Origin    "
"1","  1"
"1","    133.79"
"1"," 2219.4"
"1"," 313.03"
"1","
- RPM       "
"1","  1"
"1","    162.19"
"1"," 2247.8"
"1"," 314.21"
"1","
- Wheelbase "
"1","  1"
"1","    220.32"
"1"," 2305.9"
"1"," 316.59"
"1","
- Width     "
"1","  1"
"1","    329.36"
"1"," 2414.9"
"1"," 320.88"
"1","
- Horsepower"
"1","  1"
"1","   2093.76"
"1"," 4179.3"
"1"," 371.89"
"1","
"
"0","aj_step2.s<-summary(aj_step2)"
"0","aj_step2.s"
"1","
Call:
"
"1",""
"1","lm(formula = Price ~ Type + Horsepower + RPM + Wheelbase + Width + 
    Origin, data = cars_prueba)"
"1",""
"1","

"
"1",""
"1","Residuals:
"
"1","     Min "
"1","      1Q "
"1","  Median "
"1","      3Q "
"1","     Max "
"1","
"
"1","-11.0135 "
"1"," -2.7094 "
"1","  0.0789 "
"1","  2.0255 "
"1"," 23.1989 "
"1","
"
"1","
Coefficients:
"
"1","           "
"1","  Estimate"
"1"," Std. Error"
"1"," t value"
"1","
(Intercept)"
"1"," 64.820793"
"1","  24.206410"
"1","   2.678"
"1","
TypeLarge  "
"1","  3.177957"
"1","   2.605309"
"1","   1.220"
"1","
TypeMidsize"
"1","  4.726142"
"1","   1.846008"
"1","   2.560"
"1","
TypeSmall  "
"1"," -0.804999"
"1","   1.935675"
"1","  -0.416"
"1","
TypeVan    "
"1","  1.187294"
"1","   1.906482"
"1","   0.623"
"1","
Horsepower "
"1","  0.163815"
"1","   0.017946"
"1","   9.128"
"1","
RPM        "
"1"," -0.003489"
"1","   0.001373"
"1","  -2.541"
"1","
Wheelbase  "
"1","  0.458758"
"1","   0.154927"
"1","   2.961"
"1","
Width      "
"1"," -1.415474"
"1","   0.390966"
"1","  -3.620"
"1","
OriginUSA  "
"1"," -2.983332"
"1","   1.292877"
"1","  -2.308"
"1","
"
"1","           "
"1"," Pr(>|t|)"
"1","    "
"1","
(Intercept)"
"1"," 0.008930"
"1"," ** "
"1","
TypeLarge  "
"1"," 0.225995"
"1","    "
"1","
TypeMidsize"
"1"," 0.012273"
"1"," *  "
"1","
TypeSmall  "
"1"," 0.678575"
"1","    "
"1","
TypeVan    "
"1"," 0.535145"
"1","    "
"1","
Horsepower "
"1"," 3.62e-14"
"1"," ***"
"1","
RPM        "
"1"," 0.012929"
"1"," *  "
"1","
Wheelbase  "
"1"," 0.003996"
"1"," ** "
"1","
Width      "
"1"," 0.000505"
"1"," ***"
"1","
OriginUSA  "
"1"," 0.023516"
"1"," *  "
"1","
"
"1","---
Signif. codes:  "
"1",""
"1","
"
"1","0 ‘***’ 0.001 ‘**’ 0.01 ‘*’ 0.05 ‘.’ 0.1 ‘ ’ 1"
"1","
"
"1","
Residual standard error:"
"1"," "
"1","5.013"
"1"," "
"1","on"
"1"," "
"1","83"
"1"," "
"1","degrees of freedom"
"1","
"
"1","Multiple R-squared: "
"1"," "
"1","0.757"
"1",",	Adjusted R-squared: "
"1"," "
"1","0.7307"
"1"," "
"1","
F-statistic:"
"1"," "
"1","28.74"
"1"," "
"1","on"
"1"," "
"1","9"
"1"," "
"1","and"
"1"," "
"1","83"
"1"," "
"1","DF,  p-value:"
"1"," "
"1","< 2.2e-16"
"1","
"
"1","
"
"0","# Vamos a juntar los grupos ""Sporty"", ""Van"" y ""Compact"""
"0",""
"0","cars_prueba2<-cars"
"0","cars_prueba2$Type<-factor(cars_prueba2$Type, levels=c(""Compact"", ""Large"", ""Midsize"", ""Small"", ""Sporty"", ""Van""), labels=c(""Van"", ""Large"", ""Midsize"", ""Small"", ""Van"", ""Van""))"
"0",""
"0","model3 <- lm(Price ~ . , data=cars_prueba2)"
"0","aj_step3 <- step(model3)"
"1","Start:  AIC="
"1",""
"1","324.45"
"1",""
"1","
"
"1",""
"1","Price ~ Type + MPG.city + MPG.highway + EngineSize + Horsepower + "
"1",""
"1","
    RPM + Rev.per.mile + Fuel.tank.capacity + Passengers + Length + "
"1",""
"1","
    Wheelbase + Width + Weight + Origin"
"1",""
"1","

"
"1","                    "
"1"," Df"
"1"," Sum of Sq"
"1","    RSS"
"1","
- Passengers        "
"1","  5"
"1","    76.787"
"1"," 2015.3"
"1","
- MPG.city          "
"1","  1"
"1","     0.181"
"1"," 1938.7"
"1","
- Length            "
"1","  1"
"1","     1.145"
"1"," 1939.7"
"1","
- Weight            "
"1","  1"
"1","     2.696"
"1"," 1941.2"
"1","
- Fuel.tank.capacity"
"1","  1"
"1","     4.862"
"1"," 1943.4"
"1","
- MPG.highway       "
"1","  1"
"1","    13.607"
"1"," 1952.1"
"1","
- EngineSize        "
"1","  1"
"1","    18.875"
"1"," 1957.4"
"1","
- Type              "
"1","  3"
"1","   109.431"
"1"," 2048.0"
"1","
- Rev.per.mile      "
"1","  1"
"1","    28.378"
"1"," 1966.9"
"1","
- RPM               "
"1","  1"
"1","    36.345"
"1"," 1974.9"
"1","
<none>              "
"1","   "
"1","          "
"1"," 1938.5"
"1","
- Origin            "
"1","  1"
"1","   153.639"
"1"," 2092.2"
"1","
- Wheelbase         "
"1","  1"
"1","   172.452"
"1"," 2111.0"
"1","
- Width             "
"1","  1"
"1","   175.997"
"1"," 2114.5"
"1","
- Horsepower        "
"1","  1"
"1","   314.715"
"1"," 2253.2"
"1","
"
"1","                    "
"1","    AIC"
"1","
- Passengers        "
"1"," 318.06"
"1","
- MPG.city          "
"1"," 322.46"
"1","
- Length            "
"1"," 322.50"
"1","
- Weight            "
"1"," 322.58"
"1","
- Fuel.tank.capacity"
"1"," 322.68"
"1","
- MPG.highway       "
"1"," 323.10"
"1","
- EngineSize        "
"1"," 323.35"
"1","
- Type              "
"1"," 323.56"
"1","
- Rev.per.mile      "
"1"," 323.80"
"1","
- RPM               "
"1"," 324.18"
"1","
<none>              "
"1"," 324.45"
"1","
- Origin            "
"1"," 329.54"
"1","
- Wheelbase         "
"1"," 330.37"
"1","
- Width             "
"1"," 330.53"
"1","
- Horsepower        "
"1"," 336.44"
"1","
"
"1","
Step:  AIC="
"1",""
"1","318.06"
"1",""
"1","
"
"1",""
"1","Price ~ Type + MPG.city + MPG.highway + EngineSize + Horsepower + "
"1",""
"1","
    RPM + Rev.per.mile + Fuel.tank.capacity + Length + Wheelbase + "
"1",""
"1","
    Width + Weight + Origin"
"1",""
"1","

"
"1","                    "
"1"," Df"
"1"," Sum of Sq"
"1","    RSS"
"1","
- MPG.city          "
"1","  1"
"1","      0.87"
"1"," 2016.2"
"1","
- Fuel.tank.capacity"
"1","  1"
"1","      1.90"
"1"," 2017.2"
"1","
- Length            "
"1","  1"
"1","      7.35"
"1"," 2022.7"
"1","
- MPG.highway       "
"1","  1"
"1","      7.48"
"1"," 2022.8"
"1","
- EngineSize        "
"1","  1"
"1","     13.00"
"1"," 2028.3"
"1","
- Weight            "
"1","  1"
"1","     20.63"
"1"," 2036.0"
"1","
- Rev.per.mile      "
"1","  1"
"1","     30.29"
"1"," 2045.6"
"1","
<none>              "
"1","   "
"1","          "
"1"," 2015.3"
"1","
- Type              "
"1","  3"
"1","    140.72"
"1"," 2156.0"
"1","
- RPM               "
"1","  1"
"1","     69.41"
"1"," 2084.7"
"1","
- Wheelbase         "
"1","  1"
"1","    132.26"
"1"," 2147.6"
"1","
- Origin            "
"1","  1"
"1","    149.30"
"1"," 2164.6"
"1","
- Width             "
"1","  1"
"1","    207.88"
"1"," 2223.2"
"1","
- Horsepower        "
"1","  1"
"1","    668.79"
"1"," 2684.1"
"1","
"
"1","                    "
"1","    AIC"
"1","
- MPG.city          "
"1"," 316.10"
"1","
- Fuel.tank.capacity"
"1"," 316.15"
"1","
- Length            "
"1"," 316.40"
"1","
- MPG.highway       "
"1"," 316.41"
"1","
- EngineSize        "
"1"," 316.66"
"1","
- Weight            "
"1"," 317.01"
"1","
- Rev.per.mile      "
"1"," 317.45"
"1","
<none>              "
"1"," 318.06"
"1","
- Type              "
"1"," 318.34"
"1","
- RPM               "
"1"," 319.21"
"1","
- Wheelbase         "
"1"," 321.97"
"1","
- Origin            "
"1"," 322.71"
"1","
- Width             "
"1"," 325.19"
"1","
- Horsepower        "
"1"," 342.71"
"1","
"
"1","
Step:  AIC="
"1",""
"1","316.1"
"1",""
"1","
"
"1",""
"1","Price ~ Type + MPG.highway + EngineSize + Horsepower + RPM + "
"1",""
"1","
    Rev.per.mile + Fuel.tank.capacity + Length + Wheelbase + "
"1",""
"1","
    Width + Weight + Origin"
"1",""
"1","

"
"1","                    "
"1"," Df"
"1"," Sum of Sq"
"1","    RSS"
"1","
- Fuel.tank.capacity"
"1","  1"
"1","      1.54"
"1"," 2017.7"
"1","
- Length            "
"1","  1"
"1","     10.20"
"1"," 2026.4"
"1","
- EngineSize        "
"1","  1"
"1","     12.34"
"1"," 2028.5"
"1","
- Weight            "
"1","  1"
"1","     22.63"
"1"," 2038.8"
"1","
- Rev.per.mile      "
"1","  1"
"1","     30.14"
"1"," 2046.3"
"1","
- MPG.highway       "
"1","  1"
"1","     42.39"
"1"," 2058.6"
"1","
<none>              "
"1","   "
"1","          "
"1"," 2016.2"
"1","
- Type              "
"1","  3"
"1","    143.86"
"1"," 2160.0"
"1","
- RPM               "
"1","  1"
"1","     72.44"
"1"," 2088.6"
"1","
- Wheelbase         "
"1","  1"
"1","    131.83"
"1"," 2148.0"
"1","
- Origin            "
"1","  1"
"1","    148.72"
"1"," 2164.9"
"1","
- Width             "
"1","  1"
"1","    209.32"
"1"," 2225.5"
"1","
- Horsepower        "
"1","  1"
"1","    699.39"
"1"," 2715.6"
"1","
"
"1","                    "
"1","    AIC"
"1","
- Fuel.tank.capacity"
"1"," 314.17"
"1","
- Length            "
"1"," 314.57"
"1","
- EngineSize        "
"1"," 314.67"
"1","
- Weight            "
"1"," 315.14"
"1","
- Rev.per.mile      "
"1"," 315.48"
"1","
- MPG.highway       "
"1"," 316.04"
"1","
<none>              "
"1"," 316.10"
"1","
- Type              "
"1"," 316.51"
"1","
- RPM               "
"1"," 317.38"
"1","
- Wheelbase         "
"1"," 319.99"
"1","
- Origin            "
"1"," 320.72"
"1","
- Width             "
"1"," 323.29"
"1","
- Horsepower        "
"1"," 341.80"
"1","
"
"1","
Step:  AIC="
"1",""
"1","314.17"
"1",""
"1","
"
"1",""
"1","Price ~ Type + MPG.highway + EngineSize + Horsepower + RPM + "
"1",""
"1","
    Rev.per.mile + Length + Wheelbase + Width + Weight + Origin"
"1",""
"1","

"
"1","              "
"1"," Df"
"1"," Sum of Sq"
"1","    RSS"
"1","    AIC"
"1","
- Length      "
"1","  1"
"1","     10.73"
"1"," 2028.5"
"1"," 312.67"
"1","
- EngineSize  "
"1","  1"
"1","     11.23"
"1"," 2029.0"
"1"," 312.69"
"1","
- Weight      "
"1","  1"
"1","     24.80"
"1"," 2042.5"
"1"," 313.31"
"1","
- Rev.per.mile"
"1","  1"
"1","     28.60"
"1"," 2046.3"
"1"," 313.48"
"1","
- MPG.highway "
"1","  1"
"1","     41.32"
"1"," 2059.1"
"1"," 314.06"
"1","
<none>        "
"1","   "
"1","          "
"1"," 2017.7"
"1"," 314.17"
"1","
- Type        "
"1","  3"
"1","    142.51"
"1"," 2160.2"
"1"," 314.52"
"1","
- RPM         "
"1","  1"
"1","     74.15"
"1"," 2091.9"
"1"," 315.53"
"1","
- Wheelbase   "
"1","  1"
"1","    130.30"
"1"," 2148.0"
"1"," 317.99"
"1","
- Origin      "
"1","  1"
"1","    149.87"
"1"," 2167.6"
"1"," 318.84"
"1","
- Width       "
"1","  1"
"1","    244.25"
"1"," 2262.0"
"1"," 322.80"
"1","
- Horsepower  "
"1","  1"
"1","    698.44"
"1"," 2716.2"
"1"," 339.82"
"1","
"
"1","
Step:  AIC="
"1",""
"1","312.67"
"1",""
"1","
"
"1",""
"1","Price ~ Type + MPG.highway + EngineSize + Horsepower + RPM + "
"1",""
"1","
    Rev.per.mile + Wheelbase + Width + Weight + Origin"
"1",""
"1","

"
"1","              "
"1"," Df"
"1"," Sum of Sq"
"1","    RSS"
"1","    AIC"
"1","
- EngineSize  "
"1","  1"
"1","     15.16"
"1"," 2043.6"
"1"," 311.36"
"1","
- Weight      "
"1","  1"
"1","     20.21"
"1"," 2048.7"
"1"," 311.59"
"1","
- Rev.per.mile"
"1","  1"
"1","     27.82"
"1"," 2056.3"
"1"," 311.93"
"1","
- MPG.highway "
"1","  1"
"1","     35.76"
"1"," 2064.2"
"1"," 312.29"
"1","
<none>        "
"1","   "
"1","          "
"1"," 2028.5"
"1"," 312.67"
"1","
- RPM         "
"1","  1"
"1","     66.78"
"1"," 2095.2"
"1"," 313.68"
"1","
- Type        "
"1","  3"
"1","    215.46"
"1"," 2243.9"
"1"," 316.05"
"1","
- Origin      "
"1","  1"
"1","    141.79"
"1"," 2170.2"
"1"," 316.95"
"1","
- Wheelbase   "
"1","  1"
"1","    142.24"
"1"," 2170.7"
"1"," 316.97"
"1","
- Width       "
"1","  1"
"1","    233.55"
"1"," 2262.0"
"1"," 320.80"
"1","
- Horsepower  "
"1","  1"
"1","    689.94"
"1"," 2718.4"
"1"," 337.89"
"1","
"
"1","
Step:  AIC="
"1",""
"1","311.36"
"1",""
"1","
"
"1",""
"1","Price ~ Type + MPG.highway + Horsepower + RPM + Rev.per.mile + "
"1",""
"1","
    Wheelbase + Width + Weight + Origin"
"1",""
"1","

"
"1","              "
"1"," Df"
"1"," Sum of Sq"
"1","    RSS"
"1","    AIC"
"1","
- Weight      "
"1","  1"
"1","     17.72"
"1"," 2061.3"
"1"," 310.16"
"1","
- Rev.per.mile"
"1","  1"
"1","     19.58"
"1"," 2063.2"
"1"," 310.25"
"1","
- MPG.highway "
"1","  1"
"1","     31.26"
"1"," 2074.9"
"1"," 310.77"
"1","
<none>        "
"1","   "
"1","          "
"1"," 2043.6"
"1"," 311.36"
"1","
- Type        "
"1","  3"
"1","    220.39"
"1"," 2264.0"
"1"," 314.88"
"1","
- Origin      "
"1","  1"
"1","    135.95"
"1"," 2179.6"
"1"," 315.35"
"1","
- Wheelbase   "
"1","  1"
"1","    151.06"
"1"," 2194.7"
"1"," 315.99"
"1","
- RPM         "
"1","  1"
"1","    177.48"
"1"," 2221.1"
"1"," 317.10"
"1","
- Width       "
"1","  1"
"1","    226.54"
"1"," 2270.2"
"1"," 319.14"
"1","
- Horsepower  "
"1","  1"
"1","   1370.76"
"1"," 3414.4"
"1"," 357.09"
"1","
"
"1","
Step:  AIC="
"1",""
"1","310.16"
"1",""
"1","
"
"1",""
"1","Price ~ Type + MPG.highway + Horsepower + RPM + Rev.per.mile + "
"1",""
"1","
    Wheelbase + Width + Origin"
"1",""
"1","

"
"1","              "
"1"," Df"
"1"," Sum of Sq"
"1","    RSS"
"1","    AIC"
"1","
- MPG.highway "
"1","  1"
"1","     15.51"
"1"," 2076.8"
"1"," 308.86"
"1","
- Rev.per.mile"
"1","  1"
"1","     22.62"
"1"," 2083.9"
"1"," 309.18"
"1","
<none>        "
"1","   "
"1","          "
"1"," 2061.3"
"1"," 310.16"
"1","
- Origin      "
"1","  1"
"1","    118.23"
"1"," 2179.6"
"1"," 313.35"
"1","
- Type        "
"1","  3"
"1","    221.00"
"1"," 2282.3"
"1"," 313.63"
"1","
- RPM         "
"1","  1"
"1","    159.76"
"1"," 2221.1"
"1"," 315.10"
"1","
- Wheelbase   "
"1","  1"
"1","    171.33"
"1"," 2232.7"
"1"," 315.59"
"1","
- Width       "
"1","  1"
"1","    315.08"
"1"," 2376.4"
"1"," 321.39"
"1","
- Horsepower  "
"1","  1"
"1","   1690.60"
"1"," 3751.9"
"1"," 363.86"
"1","
"
"1","
Step:  AIC="
"1",""
"1","308.86"
"1",""
"1","
"
"1",""
"1","Price ~ Type + Horsepower + RPM + Rev.per.mile + Wheelbase + "
"1",""
"1","
    Width + Origin"
"1",""
"1","

"
"1","              "
"1"," Df"
"1"," Sum of Sq"
"1","    RSS"
"1","    AIC"
"1","
- Rev.per.mile"
"1","  1"
"1","     18.48"
"1"," 2095.3"
"1"," 307.68"
"1","
<none>        "
"1","   "
"1","          "
"1"," 2076.8"
"1"," 308.86"
"1","
- Type        "
"1","  3"
"1","    216.05"
"1"," 2292.9"
"1"," 312.06"
"1","
- Origin      "
"1","  1"
"1","    120.32"
"1"," 2197.2"
"1"," 312.10"
"1","
- RPM         "
"1","  1"
"1","    177.36"
"1"," 2254.2"
"1"," 314.48"
"1","
- Wheelbase   "
"1","  1"
"1","    213.45"
"1"," 2290.3"
"1"," 315.96"
"1","
- Width       "
"1","  1"
"1","    315.58"
"1"," 2392.4"
"1"," 320.01"
"1","
- Horsepower  "
"1","  1"
"1","   1948.47"
"1"," 4025.3"
"1"," 368.40"
"1","
"
"1","
Step:  AIC="
"1",""
"1","307.68"
"1",""
"1","
"
"1",""
"1","Price ~ Type + Horsepower + RPM + Wheelbase + Width + Origin"
"1",""
"1","

"
"1","            "
"1"," Df"
"1"," Sum of Sq"
"1","    RSS"
"1","    AIC"
"1","
<none>      "
"1","   "
"1","          "
"1"," 2095.3"
"1"," 307.68"
"1","
- Type      "
"1","  3"
"1","    214.73"
"1"," 2310.0"
"1"," 310.76"
"1","
- Origin    "
"1","  1"
"1","    143.65"
"1"," 2239.0"
"1"," 311.85"
"1","
- RPM       "
"1","  1"
"1","    159.45"
"1"," 2254.8"
"1"," 312.50"
"1","
- Wheelbase "
"1","  1"
"1","    212.05"
"1"," 2307.4"
"1"," 314.65"
"1","
- Width     "
"1","  1"
"1","    350.99"
"1"," 2446.3"
"1"," 320.09"
"1","
- Horsepower"
"1","  1"
"1","   2085.56"
"1"," 4180.9"
"1"," 369.93"
"1","
"
"0","aj_step3.s<-summary(aj_step3)"
"0","aj_step3.s"
"1","
Call:
"
"1",""
"1","lm(formula = Price ~ Type + Horsepower + RPM + Wheelbase + Width + 
    Origin, data = cars_prueba2)"
"1",""
"1","

"
"1",""
"1","Residuals:
"
"1","    Min "
"1","     1Q "
"1"," Median "
"1","     3Q "
"1","    Max "
"1","
"
"1","-11.058 "
"1"," -2.371 "
"1"," -0.095 "
"1","  2.030 "
"1"," 23.451 "
"1","
"
"1","
Coefficients:
"
"1","           "
"1","  Estimate"
"1"," Std. Error"
"1"," t value"
"1","
(Intercept)"
"1"," 60.867714"
"1","  23.274055"
"1","   2.615"
"1","
TypeLarge  "
"1","  2.266151"
"1","   2.147125"
"1","   1.055"
"1","
TypeMidsize"
"1","  4.020706"
"1","   1.452291"
"1","   2.769"
"1","
TypeSmall  "
"1"," -1.336328"
"1","   1.731165"
"1","  -0.772"
"1","
Horsepower "
"1","  0.162751"
"1","   0.017799"
"1","   9.144"
"1","
RPM        "
"1"," -0.003457"
"1","   0.001367"
"1","  -2.528"
"1","
Wheelbase  "
"1","  0.430909"
"1","   0.147792"
"1","   2.916"
"1","
Width      "
"1"," -1.306409"
"1","   0.348272"
"1","  -3.751"
"1","
OriginUSA  "
"1"," -3.072332"
"1","   1.280263"
"1","  -2.400"
"1","
"
"1","           "
"1"," Pr(>|t|)"
"1","    "
"1","
(Intercept)"
"1"," 0.010568"
"1"," *  "
"1","
TypeLarge  "
"1"," 0.294252"
"1","    "
"1","
TypeMidsize"
"1"," 0.006927"
"1"," ** "
"1","
TypeSmall  "
"1"," 0.442326"
"1","    "
"1","
Horsepower "
"1"," 3.05e-14"
"1"," ***"
"1","
RPM        "
"1"," 0.013332"
"1"," *  "
"1","
Wheelbase  "
"1"," 0.004550"
"1"," ** "
"1","
Width      "
"1"," 0.000323"
"1"," ***"
"1","
OriginUSA  "
"1"," 0.018617"
"1"," *  "
"1","
"
"1","---
Signif. codes:  "
"1",""
"1","
"
"1","0 ‘***’ 0.001 ‘**’ 0.01 ‘*’ 0.05 ‘.’ 0.1 ‘ ’ 1"
"1","
"
"1","
Residual standard error:"
"1"," "
"1","4.994"
"1"," "
"1","on"
"1"," "
"1","84"
"1"," "
"1","degrees of freedom"
"1","
"
"1","Multiple R-squared: "
"1"," "
"1","0.7559"
"1",",	Adjusted R-squared: "
"1"," "
"1","0.7327"
"1"," "
"1","
F-statistic:"
"1"," "
"1","32.52"
"1"," "
"1","on"
"1"," "
"1","8"
"1"," "
"1","and"
"1"," "
"1","84"
"1"," "
"1","DF,  p-value:"
"1"," "
"1","< 2.2e-16"
"1","
"
"1","
"
"0","# Vamos a juntar los grupos ""Sporty"", ""Van"" y ""Compact"" por un lado"
"0","# y ""Midsize"" con ""Large"" por otro"
"0",""
"0","cars_prueba3<-cars"
"0","cars_prueba3$Type<-factor(cars_prueba3$Type, levels=c(""Compact"", ""Large"", ""Midsize"", ""Small"", ""Sporty"", ""Van""), labels=c(""Van"", ""Large"", ""Large"", ""Small"", ""Van"", ""Van""))"
"0",""
"0","model4 <- lm(Price ~ . , data=cars_prueba3)"
"0","aj_step4 <- step(model4)"
"1","Start:  AIC="
"1",""
"1","324.68"
"1",""
"1","
"
"1",""
"1","Price ~ Type + MPG.city + MPG.highway + EngineSize + Horsepower + "
"1",""
"1","
    RPM + Rev.per.mile + Fuel.tank.capacity + Passengers + Length + "
"1",""
"1","
    Wheelbase + Width + Weight + Origin"
"1",""
"1","

"
"1","                    "
"1"," Df"
"1"," Sum of Sq"
"1","    RSS"
"1","
- Passengers        "
"1","  5"
"1","    44.753"
"1"," 2030.3"
"1","
- MPG.city          "
"1","  1"
"1","     0.166"
"1"," 1985.7"
"1","
- Weight            "
"1","  1"
"1","     0.469"
"1"," 1986.0"
"1","
- Length            "
"1","  1"
"1","     2.361"
"1"," 1987.9"
"1","
- Fuel.tank.capacity"
"1","  1"
"1","     2.887"
"1"," 1988.4"
"1","
- EngineSize        "
"1","  1"
"1","    11.949"
"1"," 1997.5"
"1","
- MPG.highway       "
"1","  1"
"1","    13.086"
"1"," 1998.6"
"1","
- Type              "
"1","  2"
"1","    62.447"
"1"," 2048.0"
"1","
- RPM               "
"1","  1"
"1","    39.330"
"1"," 2024.8"
"1","
<none>              "
"1","   "
"1","          "
"1"," 1985.5"
"1","
- Rev.per.mile      "
"1","  1"
"1","    44.471"
"1"," 2030.0"
"1","
- Origin            "
"1","  1"
"1","   131.134"
"1"," 2116.7"
"1","
- Wheelbase         "
"1","  1"
"1","   137.702"
"1"," 2123.2"
"1","
- Width             "
"1","  1"
"1","   218.223"
"1"," 2203.7"
"1","
- Horsepower        "
"1","  1"
"1","   312.140"
"1"," 2297.7"
"1","
"
"1","                    "
"1","    AIC"
"1","
- Passengers        "
"1"," 316.75"
"1","
- MPG.city          "
"1"," 322.68"
"1","
- Weight            "
"1"," 322.70"
"1","
- Length            "
"1"," 322.79"
"1","
- Fuel.tank.capacity"
"1"," 322.81"
"1","
- EngineSize        "
"1"," 323.23"
"1","
- MPG.highway       "
"1"," 323.29"
"1","
- Type              "
"1"," 323.56"
"1","
- RPM               "
"1"," 324.50"
"1","
<none>              "
"1"," 324.68"
"1","
- Rev.per.mile      "
"1"," 324.74"
"1","
- Origin            "
"1"," 328.62"
"1","
- Wheelbase         "
"1"," 328.91"
"1","
- Width             "
"1"," 332.37"
"1","
- Horsepower        "
"1"," 336.26"
"1","
"
"1","
Step:  AIC="
"1",""
"1","316.75"
"1",""
"1","
"
"1",""
"1","Price ~ Type + MPG.city + MPG.highway + EngineSize + Horsepower + "
"1",""
"1","
    RPM + Rev.per.mile + Fuel.tank.capacity + Length + Wheelbase + "
"1",""
"1","
    Width + Weight + Origin"
"1",""
"1","

"
"1","                    "
"1"," Df"
"1"," Sum of Sq"
"1","    RSS"
"1","
- Fuel.tank.capacity"
"1","  1"
"1","      0.71"
"1"," 2031.0"
"1","
- MPG.city          "
"1","  1"
"1","      0.80"
"1"," 2031.1"
"1","
- Length            "
"1","  1"
"1","      6.53"
"1"," 2036.8"
"1","
- MPG.highway       "
"1","  1"
"1","      7.93"
"1"," 2038.2"
"1","
- EngineSize        "
"1","  1"
"1","      8.40"
"1"," 2038.7"
"1","
- Weight            "
"1","  1"
"1","     15.67"
"1"," 2045.9"
"1","
- Rev.per.mile      "
"1","  1"
"1","     37.07"
"1"," 2067.3"
"1","
<none>              "
"1","   "
"1","          "
"1"," 2030.3"
"1","
- RPM               "
"1","  1"
"1","     72.03"
"1"," 2102.3"
"1","
- Type              "
"1","  2"
"1","    125.77"
"1"," 2156.0"
"1","
- Wheelbase         "
"1","  1"
"1","    119.17"
"1"," 2149.4"
"1","
- Origin            "
"1","  1"
"1","    146.40"
"1"," 2176.7"
"1","
- Width             "
"1","  1"
"1","    229.88"
"1"," 2260.1"
"1","
- Horsepower        "
"1","  1"
"1","    679.56"
"1"," 2709.8"
"1","
"
"1","                    "
"1","    AIC"
"1","
- Fuel.tank.capacity"
"1"," 314.78"
"1","
- MPG.city          "
"1"," 314.79"
"1","
- Length            "
"1"," 315.05"
"1","
- MPG.highway       "
"1"," 315.11"
"1","
- EngineSize        "
"1"," 315.13"
"1","
- Weight            "
"1"," 315.46"
"1","
- Rev.per.mile      "
"1"," 316.43"
"1","
<none>              "
"1"," 316.75"
"1","
- RPM               "
"1"," 317.99"
"1","
- Type              "
"1"," 318.34"
"1","
- Wheelbase         "
"1"," 320.05"
"1","
- Origin            "
"1"," 321.22"
"1","
- Width             "
"1"," 324.72"
"1","
- Horsepower        "
"1"," 341.60"
"1","
"
"1","
Step:  AIC="
"1",""
"1","314.78"
"1",""
"1","
"
"1",""
"1","Price ~ Type + MPG.city + MPG.highway + EngineSize + Horsepower + "
"1",""
"1","
    RPM + Rev.per.mile + Length + Wheelbase + Width + Weight + "
"1",""
"1","
    Origin"
"1",""
"1","

"
"1","              "
"1"," Df"
"1"," Sum of Sq"
"1","    RSS"
"1","    AIC"
"1","
- MPG.city    "
"1","  1"
"1","      0.59"
"1"," 2031.6"
"1"," 312.81"
"1","
- Length      "
"1","  1"
"1","      7.14"
"1"," 2038.1"
"1"," 313.11"
"1","
- MPG.highway "
"1","  1"
"1","      7.82"
"1"," 2038.8"
"1"," 313.14"
"1","
- EngineSize  "
"1","  1"
"1","      7.83"
"1"," 2038.8"
"1"," 313.14"
"1","
- Weight      "
"1","  1"
"1","     17.60"
"1"," 2048.6"
"1"," 313.58"
"1","
- Rev.per.mile"
"1","  1"
"1","     37.08"
"1"," 2068.1"
"1"," 314.46"
"1","
<none>        "
"1","   "
"1","          "
"1"," 2031.0"
"1"," 314.78"
"1","
- RPM         "
"1","  1"
"1","     73.64"
"1"," 2104.6"
"1"," 316.09"
"1","
- Type        "
"1","  2"
"1","    125.75"
"1"," 2156.7"
"1"," 316.37"
"1","
- Wheelbase   "
"1","  1"
"1","    118.47"
"1"," 2149.4"
"1"," 318.05"
"1","
- Origin      "
"1","  1"
"1","    149.80"
"1"," 2180.8"
"1"," 319.40"
"1","
- Width       "
"1","  1"
"1","    260.80"
"1"," 2291.8"
"1"," 324.02"
"1","
- Horsepower  "
"1","  1"
"1","    679.80"
"1"," 2710.8"
"1"," 339.63"
"1","
"
"1","
Step:  AIC="
"1",""
"1","312.81"
"1",""
"1","
"
"1",""
"1","Price ~ Type + MPG.highway + EngineSize + Horsepower + RPM + "
"1",""
"1","
    Rev.per.mile + Length + Wheelbase + Width + Weight + Origin"
"1",""
"1","

"
"1","              "
"1"," Df"
"1"," Sum of Sq"
"1","    RSS"
"1","    AIC"
"1","
- EngineSize  "
"1","  1"
"1","      7.45"
"1"," 2039.0"
"1"," 311.15"
"1","
- Length      "
"1","  1"
"1","      9.45"
"1"," 2041.0"
"1"," 311.24"
"1","
- Weight      "
"1","  1"
"1","     18.88"
"1"," 2050.4"
"1"," 311.67"
"1","
- Rev.per.mile"
"1","  1"
"1","     37.57"
"1"," 2069.1"
"1"," 312.51"
"1","
<none>        "
"1","   "
"1","          "
"1"," 2031.6"
"1"," 312.81"
"1","
- MPG.highway "
"1","  1"
"1","     44.86"
"1"," 2076.4"
"1"," 312.84"
"1","
- RPM         "
"1","  1"
"1","     76.07"
"1"," 2107.6"
"1"," 314.23"
"1","
- Type        "
"1","  2"
"1","    128.67"
"1"," 2160.2"
"1"," 314.52"
"1","
- Wheelbase   "
"1","  1"
"1","    118.31"
"1"," 2149.9"
"1"," 316.07"
"1","
- Origin      "
"1","  1"
"1","    149.93"
"1"," 2181.5"
"1"," 317.43"
"1","
- Width       "
"1","  1"
"1","    260.59"
"1"," 2292.2"
"1"," 322.03"
"1","
- Horsepower  "
"1","  1"
"1","    709.66"
"1"," 2741.2"
"1"," 338.67"
"1","
"
"1","
Step:  AIC="
"1",""
"1","311.15"
"1",""
"1","
"
"1",""
"1","Price ~ Type + MPG.highway + Horsepower + RPM + Rev.per.mile + "
"1",""
"1","
    Length + Wheelbase + Width + Weight + Origin"
"1",""
"1","

"
"1","              "
"1"," Df"
"1"," Sum of Sq"
"1","    RSS"
"1","    AIC"
"1","
- Length      "
"1","  1"
"1","     12.76"
"1"," 2051.8"
"1"," 309.73"
"1","
- Weight      "
"1","  1"
"1","     18.52"
"1"," 2057.5"
"1"," 309.99"
"1","
- Rev.per.mile"
"1","  1"
"1","     31.09"
"1"," 2070.1"
"1"," 310.56"
"1","
- MPG.highway "
"1","  1"
"1","     41.82"
"1"," 2080.8"
"1"," 311.04"
"1","
<none>        "
"1","   "
"1","          "
"1"," 2039.0"
"1"," 311.15"
"1","
- Type        "
"1","  2"
"1","    129.03"
"1"," 2168.0"
"1"," 312.86"
"1","
- Wheelbase   "
"1","  1"
"1","    125.87"
"1"," 2164.9"
"1"," 314.72"
"1","
- Origin      "
"1","  1"
"1","    146.97"
"1"," 2186.0"
"1"," 315.62"
"1","
- RPM         "
"1","  1"
"1","    178.83"
"1"," 2217.8"
"1"," 316.97"
"1","
- Width       "
"1","  1"
"1","    256.63"
"1"," 2295.6"
"1"," 320.17"
"1","
- Horsepower  "
"1","  1"
"1","   1375.33"
"1"," 3414.3"
"1"," 357.09"
"1","
"
"1","
Step:  AIC="
"1",""
"1","309.73"
"1",""
"1","
"
"1",""
"1","Price ~ Type + MPG.highway + Horsepower + RPM + Rev.per.mile + "
"1",""
"1","
    Wheelbase + Width + Weight + Origin"
"1",""
"1","

"
"1","              "
"1"," Df"
"1"," Sum of Sq"
"1","    RSS"
"1","    AIC"
"1","
- Weight      "
"1","  1"
"1","     14.19"
"1"," 2066.0"
"1"," 308.37"
"1","
- Rev.per.mile"
"1","  1"
"1","     27.94"
"1"," 2079.7"
"1"," 308.99"
"1","
- MPG.highway "
"1","  1"
"1","     34.94"
"1"," 2086.7"
"1"," 309.30"
"1","
<none>        "
"1","   "
"1","          "
"1"," 2051.8"
"1"," 309.73"
"1","
- Origin      "
"1","  1"
"1","    137.51"
"1"," 2189.3"
"1"," 313.76"
"1","
- Wheelbase   "
"1","  1"
"1","    142.91"
"1"," 2194.7"
"1"," 313.99"
"1","
- Type        "
"1","  2"
"1","    212.23"
"1"," 2264.0"
"1"," 314.88"
"1","
- RPM         "
"1","  1"
"1","    171.69"
"1"," 2223.5"
"1"," 315.20"
"1","
- Width       "
"1","  1"
"1","    243.95"
"1"," 2295.7"
"1"," 318.18"
"1","
- Horsepower  "
"1","  1"
"1","   1362.61"
"1"," 3414.4"
"1"," 355.09"
"1","
"
"1","
Step:  AIC="
"1",""
"1","308.37"
"1",""
"1","
"
"1",""
"1","Price ~ Type + MPG.highway + Horsepower + RPM + Rev.per.mile + "
"1",""
"1","
    Wheelbase + Width + Origin"
"1",""
"1","

"
"1","              "
"1"," Df"
"1"," Sum of Sq"
"1","    RSS"
"1","    AIC"
"1","
- MPG.highway "
"1","  1"
"1","     20.97"
"1"," 2086.9"
"1"," 307.31"
"1","
- Rev.per.mile"
"1","  1"
"1","     29.35"
"1"," 2095.3"
"1"," 307.68"
"1","
<none>        "
"1","   "
"1","          "
"1"," 2066.0"
"1"," 308.37"
"1","
- Origin      "
"1","  1"
"1","    123.72"
"1"," 2189.7"
"1"," 311.78"
"1","
- RPM         "
"1","  1"
"1","    157.55"
"1"," 2223.5"
"1"," 313.20"
"1","
- Wheelbase   "
"1","  1"
"1","    166.70"
"1"," 2232.7"
"1"," 313.59"
"1","
- Type        "
"1","  2"
"1","    216.37"
"1"," 2282.3"
"1"," 313.63"
"1","
- Width       "
"1","  1"
"1","    324.19"
"1"," 2390.1"
"1"," 319.93"
"1","
- Horsepower  "
"1","  1"
"1","   1694.08"
"1"," 3760.0"
"1"," 362.06"
"1","
"
"1","
Step:  AIC="
"1",""
"1","307.31"
"1",""
"1","
"
"1",""
"1","Price ~ Type + Horsepower + RPM + Rev.per.mile + Wheelbase + "
"1",""
"1","
    Width + Origin"
"1",""
"1","

"
"1","              "
"1"," Df"
"1"," Sum of Sq"
"1","    RSS"
"1","    AIC"
"1","
- Rev.per.mile"
"1","  1"
"1","     26.00"
"1"," 2112.9"
"1"," 306.46"
"1","
<none>        "
"1","   "
"1","          "
"1"," 2086.9"
"1"," 307.31"
"1","
- Origin      "
"1","  1"
"1","    128.87"
"1"," 2215.8"
"1"," 310.88"
"1","
- Type        "
"1","  2"
"1","    205.95"
"1"," 2292.9"
"1"," 312.06"
"1","
- RPM         "
"1","  1"
"1","    176.15"
"1"," 2263.1"
"1"," 312.85"
"1","
- Wheelbase   "
"1","  1"
"1","    205.78"
"1"," 2292.7"
"1"," 314.06"
"1","
- Width       "
"1","  1"
"1","    328.53"
"1"," 2415.5"
"1"," 318.91"
"1","
- Horsepower  "
"1","  1"
"1","   1991.27"
"1"," 4078.2"
"1"," 367.62"
"1","
"
"1","
Step:  AIC="
"1",""
"1","306.46"
"1",""
"1","
"
"1",""
"1","Price ~ Type + Horsepower + RPM + Wheelbase + Width + Origin"
"1",""
"1","

"
"1","            "
"1"," Df"
"1"," Sum of Sq"
"1","    RSS"
"1","    AIC"
"1","
<none>      "
"1","   "
"1","          "
"1"," 2112.9"
"1"," 306.46"
"1","
- Type      "
"1","  2"
"1","    197.11"
"1"," 2310.0"
"1"," 310.76"
"1","
- RPM       "
"1","  1"
"1","    152.32"
"1"," 2265.3"
"1"," 310.93"
"1","
- Origin    "
"1","  1"
"1","    162.49"
"1"," 2275.4"
"1"," 311.35"
"1","
- Wheelbase "
"1","  1"
"1","    200.76"
"1"," 2313.7"
"1"," 312.90"
"1","
- Width     "
"1","  1"
"1","    378.27"
"1"," 2491.2"
"1"," 319.78"
"1","
- Horsepower"
"1","  1"
"1","   2092.28"
"1"," 4205.2"
"1"," 368.47"
"1","
"
"0","aj_step4.s<-summary(aj_step4)"
"0","aj_step4.s"
"1","
Call:
"
"1",""
"1","lm(formula = Price ~ Type + Horsepower + RPM + Wheelbase + Width + 
    Origin, data = cars_prueba3)"
"1",""
"1","

"
"1",""
"1","Residuals:
"
"1","     Min "
"1","      1Q "
"1","  Median "
"1","      3Q "
"1","     Max "
"1","
"
"1","-10.4306 "
"1"," -2.5747 "
"1","  0.1908 "
"1","  1.8201 "
"1"," 23.7847 "
"1","
"
"1","
Coefficients:
"
"1","           "
"1","  Estimate"
"1"," Std. Error"
"1"," t value"
"1","
(Intercept)"
"1"," 64.600150"
"1","  22.806957"
"1","   2.832"
"1","
TypeLarge  "
"1","  3.646886"
"1","   1.380118"
"1","   2.642"
"1","
TypeSmall  "
"1"," -1.640817"
"1","   1.689907"
"1","  -0.971"
"1","
Horsepower "
"1","  0.162991"
"1","   0.017766"
"1","   9.174"
"1","
RPM        "
"1"," -0.003369"
"1","   0.001361"
"1","  -2.475"
"1","
Wheelbase  "
"1","  0.416423"
"1","   0.146530"
"1","   2.842"
"1","
Width      "
"1"," -1.344619"
"1","   0.344695"
"1","  -3.901"
"1","
OriginUSA  "
"1"," -3.231565"
"1","   1.263979"
"1","  -2.557"
"1","
"
"1","           "
"1"," Pr(>|t|)"
"1","    "
"1","
(Intercept)"
"1"," 0.005766"
"1"," ** "
"1","
TypeLarge  "
"1"," 0.009797"
"1"," ** "
"1","
TypeSmall  "
"1"," 0.334327"
"1","    "
"1","
Horsepower "
"1"," 2.39e-14"
"1"," ***"
"1","
RPM        "
"1"," 0.015294"
"1"," *  "
"1","
Wheelbase  "
"1"," 0.005613"
"1"," ** "
"1","
Width      "
"1"," 0.000191"
"1"," ***"
"1","
OriginUSA  "
"1"," 0.012345"
"1"," *  "
"1","
"
"1","---
Signif. codes:  "
"1",""
"1","
"
"1","0 ‘***’ 0.001 ‘**’ 0.01 ‘*’ 0.05 ‘.’ 0.1 ‘ ’ 1"
"1","
"
"1","
Residual standard error:"
"1"," "
"1","4.986"
"1"," "
"1","on"
"1"," "
"1","85"
"1"," "
"1","degrees of freedom"
"1","
"
"1","Multiple R-squared: "
"1"," "
"1","0.7539"
"1",",	Adjusted R-squared: "
"1"," "
"1","0.7336"
"1"," "
"1","
F-statistic:"
"1"," "
"1","37.19"
"1"," "
"1","on"
"1"," "
"1","7"
"1"," "
"1","and"
"1"," "
"1","85"
"1"," "
"1","DF,  p-value:"
"1"," "
"1","< 2.2e-16"
"1","
"
"1","
"
"0","# Vamos a juntar los grupos ""Sporty"", ""Van"", ""Compact"" y ""Small"" por un"
"0","# lado y ""Midsize"" con ""Large"" por otro."
"0",""
"0","cars_prueba4<-cars"
"0","cars_prueba4$Type<-factor(cars_prueba4$Type, levels=c(""Compact"", ""Large"", ""Midsize"", ""Small"", ""Sporty"", ""Van""), labels=c(""Van"", ""Large"", ""Large"", ""Van"", ""Van"", ""Van""))"
"0",""
"0","model5 <- lm(Price ~ . , data=cars_prueba4)"
"0","aj_step5 <- step(model5)"
"1","Start:  AIC="
"1",""
"1","322.9"
"1",""
"1","
"
"1",""
"1","Price ~ Type + MPG.city + MPG.highway + EngineSize + Horsepower + "
"1",""
"1","
    RPM + Rev.per.mile + Fuel.tank.capacity + Passengers + Length + "
"1",""
"1","
    Wheelbase + Width + Weight + Origin"
"1",""
"1","

"
"1","                    "
"1"," Df"
"1"," Sum of Sq"
"1","    RSS"
"1","
- Passengers        "
"1","  5"
"1","     51.85"
"1"," 2042.1"
"1","
- Weight            "
"1","  1"
"1","      0.23"
"1"," 1990.5"
"1","
- MPG.city          "
"1","  1"
"1","      0.77"
"1"," 1991.0"
"1","
- Fuel.tank.capacity"
"1","  1"
"1","      1.84"
"1"," 1992.1"
"1","
- Length            "
"1","  1"
"1","      3.17"
"1"," 1993.4"
"1","
- EngineSize        "
"1","  1"
"1","      9.29"
"1"," 1999.5"
"1","
- MPG.highway       "
"1","  1"
"1","     12.15"
"1"," 2002.4"
"1","
<none>              "
"1","   "
"1","          "
"1"," 1990.2"
"1","
- Rev.per.mile      "
"1","  1"
"1","     43.84"
"1"," 2034.1"
"1","
- RPM               "
"1","  1"
"1","     45.43"
"1"," 2035.7"
"1","
- Type              "
"1","  1"
"1","     57.72"
"1"," 2048.0"
"1","
- Origin            "
"1","  1"
"1","    127.90"
"1"," 2118.1"
"1","
- Wheelbase         "
"1","  1"
"1","    145.04"
"1"," 2135.3"
"1","
- Width             "
"1","  1"
"1","    233.69"
"1"," 2223.9"
"1","
- Horsepower        "
"1","  1"
"1","    321.12"
"1"," 2311.3"
"1","
"
"1","                    "
"1","    AIC"
"1","
- Passengers        "
"1"," 315.29"
"1","
- Weight            "
"1"," 320.91"
"1","
- MPG.city          "
"1"," 320.93"
"1","
- Fuel.tank.capacity"
"1"," 320.98"
"1","
- Length            "
"1"," 321.05"
"1","
- EngineSize        "
"1"," 321.33"
"1","
- MPG.highway       "
"1"," 321.46"
"1","
<none>              "
"1"," 322.90"
"1","
- Rev.per.mile      "
"1"," 322.92"
"1","
- RPM               "
"1"," 323.00"
"1","
- Type              "
"1"," 323.56"
"1","
- Origin            "
"1"," 326.69"
"1","
- Wheelbase         "
"1"," 327.44"
"1","
- Width             "
"1"," 331.22"
"1","
- Horsepower        "
"1"," 334.81"
"1","
"
"1","
Step:  AIC="
"1",""
"1","315.29"
"1",""
"1","
"
"1",""
"1","Price ~ Type + MPG.city + MPG.highway + EngineSize + Horsepower + "
"1",""
"1","
    RPM + Rev.per.mile + Fuel.tank.capacity + Length + Wheelbase + "
"1",""
"1","
    Width + Weight + Origin"
"1",""
"1","

"
"1","                    "
"1"," Df"
"1"," Sum of Sq"
"1","    RSS"
"1","
- Fuel.tank.capacity"
"1","  1"
"1","      0.19"
"1"," 2042.3"
"1","
- MPG.city          "
"1","  1"
"1","      3.26"
"1"," 2045.3"
"1","
- EngineSize        "
"1","  1"
"1","      4.74"
"1"," 2046.8"
"1","
- MPG.highway       "
"1","  1"
"1","      5.39"
"1"," 2047.5"
"1","
- Length            "
"1","  1"
"1","      8.42"
"1"," 2050.5"
"1","
- Weight            "
"1","  1"
"1","     12.99"
"1"," 2055.1"
"1","
- Rev.per.mile      "
"1","  1"
"1","     37.06"
"1"," 2079.1"
"1","
<none>              "
"1","   "
"1","          "
"1"," 2042.1"
"1","
- RPM               "
"1","  1"
"1","     88.65"
"1"," 2130.7"
"1","
- Type              "
"1","  1"
"1","    113.96"
"1"," 2156.0"
"1","
- Wheelbase         "
"1","  1"
"1","    120.41"
"1"," 2162.5"
"1","
- Origin            "
"1","  1"
"1","    141.06"
"1"," 2183.1"
"1","
- Width             "
"1","  1"
"1","    250.02"
"1"," 2292.1"
"1","
- Horsepower        "
"1","  1"
"1","    739.20"
"1"," 2781.3"
"1","
"
"1","                    "
"1","    AIC"
"1","
- Fuel.tank.capacity"
"1"," 313.30"
"1","
- MPG.city          "
"1"," 313.44"
"1","
- EngineSize        "
"1"," 313.50"
"1","
- MPG.highway       "
"1"," 313.53"
"1","
- Length            "
"1"," 313.67"
"1","
- Weight            "
"1"," 313.88"
"1","
- Rev.per.mile      "
"1"," 314.96"
"1","
<none>              "
"1"," 315.29"
"1","
- RPM               "
"1"," 317.24"
"1","
- Type              "
"1"," 318.34"
"1","
- Wheelbase         "
"1"," 318.62"
"1","
- Origin            "
"1"," 319.50"
"1","
- Width             "
"1"," 324.03"
"1","
- Horsepower        "
"1"," 342.02"
"1","
"
"1","
Step:  AIC="
"1",""
"1","313.3"
"1",""
"1","
"
"1",""
"1","Price ~ Type + MPG.city + MPG.highway + EngineSize + Horsepower + "
"1",""
"1","
    RPM + Rev.per.mile + Length + Wheelbase + Width + Weight + "
"1",""
"1","
    Origin"
"1",""
"1","

"
"1","              "
"1"," Df"
"1"," Sum of Sq"
"1","    RSS"
"1","    AIC"
"1","
- MPG.city    "
"1","  1"
"1","      3.08"
"1"," 2045.3"
"1"," 311.44"
"1","
- EngineSize  "
"1","  1"
"1","      4.57"
"1"," 2046.8"
"1"," 311.50"
"1","
- MPG.highway "
"1","  1"
"1","      5.39"
"1"," 2047.7"
"1"," 311.54"
"1","
- Length      "
"1","  1"
"1","      8.79"
"1"," 2051.1"
"1"," 311.70"
"1","
- Weight      "
"1","  1"
"1","     14.24"
"1"," 2056.5"
"1"," 311.94"
"1","
- Rev.per.mile"
"1","  1"
"1","     38.53"
"1"," 2080.8"
"1"," 313.04"
"1","
<none>        "
"1","   "
"1","          "
"1"," 2042.3"
"1"," 313.30"
"1","
- RPM         "
"1","  1"
"1","     89.38"
"1"," 2131.7"
"1"," 315.28"
"1","
- Type        "
"1","  1"
"1","    114.46"
"1"," 2156.7"
"1"," 316.37"
"1","
- Wheelbase   "
"1","  1"
"1","    120.37"
"1"," 2162.6"
"1"," 316.62"
"1","
- Origin      "
"1","  1"
"1","    146.23"
"1"," 2188.5"
"1"," 317.73"
"1","
- Width       "
"1","  1"
"1","    276.61"
"1"," 2318.9"
"1"," 323.11"
"1","
- Horsepower  "
"1","  1"
"1","    739.01"
"1"," 2781.3"
"1"," 340.02"
"1","
"
"1","
Step:  AIC="
"1",""
"1","311.44"
"1",""
"1","
"
"1",""
"1","Price ~ Type + MPG.highway + EngineSize + Horsepower + RPM + "
"1",""
"1","
    Rev.per.mile + Length + Wheelbase + Width + Weight + Origin"
"1",""
"1","

"
"1","              "
"1"," Df"
"1"," Sum of Sq"
"1","    RSS"
"1","    AIC"
"1","
- EngineSize  "
"1","  1"
"1","      3.43"
"1"," 2048.8"
"1"," 309.59"
"1","
- Length      "
"1","  1"
"1","     14.70"
"1"," 2060.0"
"1"," 310.10"
"1","
- Weight      "
"1","  1"
"1","     15.88"
"1"," 2061.2"
"1"," 310.16"
"1","
- Rev.per.mile"
"1","  1"
"1","     35.45"
"1"," 2080.8"
"1"," 311.04"
"1","
<none>        "
"1","   "
"1","          "
"1"," 2045.3"
"1"," 311.44"
"1","
- MPG.highway "
"1","  1"
"1","     55.28"
"1"," 2100.6"
"1"," 311.92"
"1","
- RPM         "
"1","  1"
"1","     98.44"
"1"," 2143.8"
"1"," 313.81"
"1","
- Type        "
"1","  1"
"1","    114.89"
"1"," 2160.2"
"1"," 314.52"
"1","
- Wheelbase   "
"1","  1"
"1","    120.24"
"1"," 2165.6"
"1"," 314.75"
"1","
- Origin      "
"1","  1"
"1","    145.93"
"1"," 2191.3"
"1"," 315.85"
"1","
- Width       "
"1","  1"
"1","    278.06"
"1"," 2323.4"
"1"," 321.29"
"1","
- Horsepower  "
"1","  1"
"1","    810.33"
"1"," 2855.7"
"1"," 340.48"
"1","
"
"1","
Step:  AIC="
"1",""
"1","309.59"
"1",""
"1","
"
"1",""
"1","Price ~ Type + MPG.highway + Horsepower + RPM + Rev.per.mile + "
"1",""
"1","
    Length + Wheelbase + Width + Weight + Origin"
"1",""
"1","

"
"1","              "
"1"," Df"
"1"," Sum of Sq"
"1","    RSS"
"1","    AIC"
"1","
- Weight      "
"1","  1"
"1","     16.05"
"1"," 2064.8"
"1"," 308.32"
"1","
- Length      "
"1","  1"
"1","     16.76"
"1"," 2065.5"
"1"," 308.35"
"1","
- Rev.per.mile"
"1","  1"
"1","     32.04"
"1"," 2080.8"
"1"," 309.04"
"1","
<none>        "
"1","   "
"1","          "
"1"," 2048.8"
"1"," 309.59"
"1","
- MPG.highway "
"1","  1"
"1","     52.46"
"1"," 2101.2"
"1"," 309.94"
"1","
- Type        "
"1","  1"
"1","    119.27"
"1"," 2168.0"
"1"," 312.86"
"1","
- Wheelbase   "
"1","  1"
"1","    125.65"
"1"," 2174.4"
"1"," 313.13"
"1","
- Origin      "
"1","  1"
"1","    144.41"
"1"," 2193.2"
"1"," 313.93"
"1","
- RPM         "
"1","  1"
"1","    190.81"
"1"," 2239.6"
"1"," 315.87"
"1","
- Width       "
"1","  1"
"1","    274.81"
"1"," 2323.6"
"1"," 319.30"
"1","
- Horsepower  "
"1","  1"
"1","   1422.45"
"1"," 3471.2"
"1"," 356.63"
"1","
"
"1","
Step:  AIC="
"1",""
"1","308.32"
"1",""
"1","
"
"1",""
"1","Price ~ Type + MPG.highway + Horsepower + RPM + Rev.per.mile + "
"1",""
"1","
    Length + Wheelbase + Width + Origin"
"1",""
"1","

"
"1","              "
"1"," Df"
"1"," Sum of Sq"
"1","    RSS"
"1","    AIC"
"1","
- Length      "
"1","  1"
"1","     11.68"
"1"," 2076.5"
"1"," 306.84"
"1","
- Rev.per.mile"
"1","  1"
"1","     32.81"
"1"," 2097.6"
"1"," 307.78"
"1","
- MPG.highway "
"1","  1"
"1","     36.81"
"1"," 2101.6"
"1"," 307.96"
"1","
<none>        "
"1","   "
"1","          "
"1"," 2064.8"
"1"," 308.32"
"1","
- Wheelbase   "
"1","  1"
"1","    127.71"
"1"," 2192.5"
"1"," 311.90"
"1","
- Origin      "
"1","  1"
"1","    128.82"
"1"," 2193.6"
"1"," 311.95"
"1","
- Type        "
"1","  1"
"1","    134.45"
"1"," 2199.3"
"1"," 312.19"
"1","
- RPM         "
"1","  1"
"1","    175.07"
"1"," 2239.9"
"1"," 313.89"
"1","
- Width       "
"1","  1"
"1","    339.66"
"1"," 2404.5"
"1"," 320.48"
"1","
- Horsepower  "
"1","  1"
"1","   1820.26"
"1"," 3885.1"
"1"," 365.10"
"1","
"
"1","
Step:  AIC="
"1",""
"1","306.84"
"1",""
"1","
"
"1",""
"1","Price ~ Type + MPG.highway + Horsepower + RPM + Rev.per.mile + "
"1",""
"1","
    Wheelbase + Width + Origin"
"1",""
"1","

"
"1","              "
"1"," Df"
"1"," Sum of Sq"
"1","    RSS"
"1","    AIC"
"1","
- Rev.per.mile"
"1","  1"
"1","     29.68"
"1"," 2106.2"
"1"," 306.16"
"1","
- MPG.highway "
"1","  1"
"1","     34.56"
"1"," 2111.1"
"1"," 306.38"
"1","
<none>        "
"1","   "
"1","          "
"1"," 2076.5"
"1"," 306.84"
"1","
- Origin      "
"1","  1"
"1","    122.82"
"1"," 2199.3"
"1"," 310.19"
"1","
- RPM         "
"1","  1"
"1","    173.69"
"1"," 2250.2"
"1"," 312.31"
"1","
- Wheelbase   "
"1","  1"
"1","    184.45"
"1"," 2261.0"
"1"," 312.76"
"1","
- Type        "
"1","  1"
"1","    205.83"
"1"," 2282.3"
"1"," 313.63"
"1","
- Width       "
"1","  1"
"1","    332.25"
"1"," 2408.8"
"1"," 318.65"
"1","
- Horsepower  "
"1","  1"
"1","   1826.75"
"1"," 3903.3"
"1"," 363.54"
"1","
"
"1","
Step:  AIC="
"1",""
"1","306.16"
"1",""
"1","
"
"1",""
"1","Price ~ Type + MPG.highway + Horsepower + RPM + Wheelbase + Width + "
"1",""
"1","
    Origin"
"1",""
"1","

"
"1","             "
"1"," Df"
"1"," Sum of Sq"
"1","    RSS"
"1","    AIC"
"1","
- MPG.highway"
"1","  1"
"1","     30.19"
"1"," 2136.4"
"1"," 305.49"
"1","
<none>       "
"1","   "
"1","          "
"1"," 2106.2"
"1"," 306.16"
"1","
- RPM        "
"1","  1"
"1","    148.05"
"1"," 2254.2"
"1"," 310.48"
"1","
- Origin     "
"1","  1"
"1","    157.98"
"1"," 2264.2"
"1"," 310.89"
"1","
- Wheelbase  "
"1","  1"
"1","    181.94"
"1"," 2288.1"
"1"," 311.87"
"1","
- Type       "
"1","  1"
"1","    194.90"
"1"," 2301.1"
"1"," 312.39"
"1","
- Width      "
"1","  1"
"1","    385.77"
"1"," 2492.0"
"1"," 319.80"
"1","
- Horsepower "
"1","  1"
"1","   1869.62"
"1"," 3975.8"
"1"," 363.25"
"1","
"
"1","
Step:  AIC="
"1",""
"1","305.49"
"1",""
"1","
"
"1",""
"1","Price ~ Type + Horsepower + RPM + Wheelbase + Width + Origin"
"1",""
"1","

"
"1","            "
"1"," Df"
"1"," Sum of Sq"
"1","    RSS"
"1","    AIC"
"1","
<none>      "
"1","   "
"1","          "
"1"," 2136.4"
"1"," 305.49"
"1","
- Origin    "
"1","  1"
"1","    162.35"
"1"," 2298.7"
"1"," 310.30"
"1","
- Type      "
"1","  1"
"1","    173.68"
"1"," 2310.0"
"1"," 310.76"
"1","
- RPM       "
"1","  1"
"1","    187.38"
"1"," 2323.7"
"1"," 311.31"
"1","
- Wheelbase "
"1","  1"
"1","    251.08"
"1"," 2387.4"
"1"," 313.82"
"1","
- Width     "
"1","  1"
"1","    393.17"
"1"," 2529.5"
"1"," 319.20"
"1","
- Horsepower"
"1","  1"
"1","   2585.43"
"1"," 4721.8"
"1"," 377.24"
"1","
"
"0","aj_step5.s<-summary(aj_step5)"
"0","aj_step5.s"
"1","
Call:
"
"1",""
"1","lm(formula = Price ~ Type + Horsepower + RPM + Wheelbase + Width + 
    Origin, data = cars_prueba4)"
"1",""
"1","

"
"1",""
"1","Residuals:
"
"1","     Min "
"1","      1Q "
"1","  Median "
"1","      3Q "
"1","     Max "
"1","
"
"1","-10.5690 "
"1"," -2.9436 "
"1","  0.0537 "
"1","  1.8573 "
"1"," 23.5446 "
"1","
"
"1","
Coefficients:
"
"1","           "
"1","  Estimate"
"1"," Std. Error"
"1"," t value"
"1","
(Intercept)"
"1"," 62.787472"
"1","  22.722851"
"1","   2.763"
"1","
TypeLarge  "
"1","  3.647998"
"1","   1.379658"
"1","   2.644"
"1","
Horsepower "
"1","  0.169169"
"1","   0.016582"
"1","  10.202"
"1","
RPM        "
"1"," -0.003651"
"1","   0.001329"
"1","  -2.746"
"1","
Wheelbase  "
"1","  0.451397"
"1","   0.141986"
"1","   3.179"
"1","
Width      "
"1"," -1.367611"
"1","   0.343766"
"1","  -3.978"
"1","
OriginUSA  "
"1"," -3.230258"
"1","   1.263558"
"1","  -2.556"
"1","
"
"1","           "
"1"," Pr(>|t|)"
"1","    "
"1","
(Intercept)"
"1"," 0.007000"
"1"," ** "
"1","
TypeLarge  "
"1"," 0.009733"
"1"," ** "
"1","
Horsepower "
"1","  < 2e-16"
"1"," ***"
"1","
RPM        "
"1"," 0.007337"
"1"," ** "
"1","
Wheelbase  "
"1"," 0.002054"
"1"," ** "
"1","
Width      "
"1"," 0.000144"
"1"," ***"
"1","
OriginUSA  "
"1"," 0.012330"
"1"," *  "
"1","
"
"1","---
Signif. codes:  "
"1",""
"1","
"
"1","0 ‘***’ 0.001 ‘**’ 0.01 ‘*’ 0.05 ‘.’ 0.1 ‘ ’ 1"
"1","
"
"1","
Residual standard error:"
"1"," "
"1","4.984"
"1"," "
"1","on"
"1"," "
"1","86"
"1"," "
"1","degrees of freedom"
"1","
"
"1","Multiple R-squared: "
"1"," "
"1","0.7511"
"1",",	Adjusted R-squared: "
"1"," "
"1","0.7338"
"1"," "
"1","
F-statistic:"
"1"," "
"1","43.26"
"1"," "
"1","on"
"1"," "
"1","6"
"1"," "
"1","and"
"1"," "
"1","86"
"1"," "
"1","DF,  p-value:"
"1"," "
"1","< 2.2e-16"
"1","
"
"1","
"
